{
  "settings": {
    "score_threshold": 0.55,
    "window": 50,
    "tail_fraction": 0.2,
    "target_kl": 0.01
  },
  "convergence_efficiency": {
    "auc_task_score_by_steps": 0.25938878380000147,
    "steps_to_threshold": 6302.0,
    "updates_to_threshold": 1.0
  },
  "reward_stability": {
    "reward_std_tail": 82.18709708805227,
    "task_score_std_tail": 0.327971060681193,
    "mean_performance_drop": 0.0031510270108553893,
    "max_performance_drop": 0.01999333333333342
  },
  "kl_stability": {
    "mean_kl": 0.005965048209971882,
    "kl_std": 0.0012848221475351444,
    "mean_abs_kl_error": 0.0040357499521488475,
    "kl_overshoot_rate": 0.0,
    "clip_fraction_mean": 0.07326233269931769,
    "clip_fraction_std": 0.018218219639384223,
    "actor_lr_mean": 0.00020000000000000006,
    "actor_lr_min": 0.0002,
    "actor_lr_max": 0.0002,
    "num_ppo_updates_measured": 192
  }
}