{
  "settings": {
    "score_threshold": 0.55,
    "window": 50,
    "tail_fraction": 0.2,
    "target_kl": 0.0065
  },
  "convergence_efficiency": {
    "auc_task_score_by_steps": 0.2967966410509425,
    "steps_to_threshold": 25815.0,
    "updates_to_threshold": 5.0
  },
  "reward_stability": {
    "reward_std_tail": 31.9305211498966,
    "task_score_std_tail": 0.3467529727462909,
    "mean_performance_drop": 0.003971457272272294,
    "max_performance_drop": 0.01985333333333339
  },
  "kl_stability": {
    "mean_kl": 0.006108624496084217,
    "kl_std": 0.0007806534108109964,
    "mean_abs_kl_error": 0.0007218398223327212,
    "kl_overshoot_rate": 0.0,
    "clip_fraction_mean": 0.06469460466369079,
    "clip_fraction_std": 0.018295360795280977,
    "actor_lr_mean": 0.0002,
    "actor_lr_min": 0.0002,
    "actor_lr_max": 0.0002,
    "num_ppo_updates_measured": 18
  }
}