{
  "settings": {
    "score_threshold": 0.55,
    "window": 50,
    "tail_fraction": 0.2,
    "target_kl": 0.0065
  },
  "convergence_efficiency": {
    "auc_task_score_by_steps": 0.3287961223853438,
    "steps_to_threshold": 30716.0,
    "updates_to_threshold": 7.0
  },
  "reward_stability": {
    "reward_std_tail": 28.95229701253505,
    "task_score_std_tail": 0.3941813593367611,
    "mean_performance_drop": 0.0040116327730359246,
    "max_performance_drop": 0.01969333333333334
  },
  "kl_stability": {
    "mean_kl": 0.005811543156307872,
    "kl_std": 0.0010315521267072927,
    "mean_abs_kl_error": 0.0010986016772147858,
    "kl_overshoot_rate": 0.0,
    "clip_fraction_mean": 0.05765623228055322,
    "clip_fraction_std": 0.01599033825190909,
    "actor_lr_mean": 0.00020000000000000004,
    "actor_lr_min": 0.0002,
    "actor_lr_max": 0.0002,
    "num_ppo_updates_measured": 14
  }
}