{
  "evaluation_mode": "full_horizon",
  "selection_split": "validation",
  "selection_metric": "mean_current_coverage_auc",
  "selection_stage": 3,
  "candidates": [
    {
      "name": "ep2200",
      "model_path": "D:\\DestopMoren\\Desktop\\Pyproject\\Self-adaptive parameters\\environment_variables\\environment_variables\\outputs\\lr_comparison_20260717_111619\\训练结果\\Fixed_LR_CTDE_PPO_seed42\\models\\ppo_ep2200_stage3.pth",
      "eval_path": "D:\\DestopMoren\\Desktop\\Pyproject\\Self-adaptive parameters\\environment_variables\\environment_variables\\outputs\\lr_comparison_20260717_111619\\训练结果\\Fixed_LR_CTDE_PPO_seed42\\logs\\full_horizon_candidate_ep2200_validation_eval.json",
      "summary": {
        "evaluation_mode": "full_horizon",
        "episodes": 120,
        "target": 0.6,
        "target_reach_rate": 0.6583333333333333,
        "mean_first_target_step": 197.39240506329114,
        "mean_current_coverage_auc": 0.36662961038518094,
        "mean_tail100_coverage": 0.4351201815928893,
        "mean_final_current_coverage": 0.3990895816663879,
        "mean_max_current_coverage": 0.7108346218147239,
        "mean_historical_boundary_union_coverage": 0.3907521129312161,
        "mean_target_hold_ratio": 0.3432829675976642,
        "mean_post_target_peak_gain": 0.17487386179775535,
        "mean_post_target_tail_gain": -0.047378485625419055,
        "mean_pre_boundary_revisit_ratio": 0.08660490611407427,
        "mean_team_overlap_ratio": 0.16781763190506246,
        "mean_communication_available_rate": 0.0,
        "mean_invalid_action_count": 46.333333333333336,
        "boundary_found_rate": 0.9416666666666667,
        "horizon_completion_rate": 1.0,
        "battery_depleted_rate": 0.0,
        "mean_length": 600.0,
        "threshold_reach_rate": {
          "0.20": 0.9333333333333333,
          "0.40": 0.9333333333333333,
          "0.60": 0.6583333333333333,
          "0.80": 0.39166666666666666
        },
        "mean_time_to_threshold": {
          "0.20": 162.96428571428572,
          "0.40": 181.42857142857142,
          "0.60": 197.39240506329114,
          "0.80": 160.40425531914894
        },
        "mean_hold_ratio_by_threshold": {
          "0.20": 0.599672005527924,
          "0.40": 0.4729219282135516,
          "0.60": 0.3432829675976642,
          "0.80": 0.20458914110546048
        }
      }
    },
    {
      "name": "ep2300",
      "model_path": "D:\\DestopMoren\\Desktop\\Pyproject\\Self-adaptive parameters\\environment_variables\\environment_variables\\outputs\\lr_comparison_20260717_111619\\训练结果\\Fixed_LR_CTDE_PPO_seed42\\models\\ppo_ep2300_stage3.pth",
      "eval_path": "D:\\DestopMoren\\Desktop\\Pyproject\\Self-adaptive parameters\\environment_variables\\environment_variables\\outputs\\lr_comparison_20260717_111619\\训练结果\\Fixed_LR_CTDE_PPO_seed42\\logs\\full_horizon_candidate_ep2300_validation_eval.json",
      "summary": {
        "evaluation_mode": "full_horizon",
        "episodes": 120,
        "target": 0.6,
        "target_reach_rate": 0.6083333333333333,
        "mean_first_target_step": 172.45205479452054,
        "mean_current_coverage_auc": 0.3871861726759891,
        "mean_tail100_coverage": 0.45486392720583596,
        "mean_final_current_coverage": 0.39364238437276655,
        "mean_max_current_coverage": 0.6555191095175213,
        "mean_historical_boundary_union_coverage": 0.4164123285375599,
        "mean_target_hold_ratio": 0.27939224844954313,
        "mean_post_target_peak_gain": 0.1453678351226939,
        "mean_post_target_tail_gain": -0.025909677511589034,
        "mean_pre_boundary_revisit_ratio": 0.083752589781675,
        "mean_team_overlap_ratio": 0.15221594596572977,
        "mean_communication_available_rate": 0.0,
        "mean_invalid_action_count": 58.11666666666667,
        "boundary_found_rate": 0.9,
        "horizon_completion_rate": 1.0,
        "battery_depleted_rate": 0.0,
        "mean_length": 600.0,
        "threshold_reach_rate": {
          "0.20": 0.8916666666666667,
          "0.40": 0.8916666666666667,
          "0.60": 0.6083333333333333,
          "0.80": 0.35833333333333334
        },
        "mean_time_to_threshold": {
          "0.20": 140.61682242990653,
          "0.40": 161.5981308411215,
          "0.60": 172.45205479452054,
          "0.80": 151.8372093023256
        },
        "mean_hold_ratio_by_threshold": {
          "0.20": 0.5770423892347825,
          "0.40": 0.48306268379269146,
          "0.60": 0.27939224844954313,
          "0.80": 0.18806995734629994
        }
      }
    },
    {
      "name": "ep2400",
      "model_path": "D:\\DestopMoren\\Desktop\\Pyproject\\Self-adaptive parameters\\environment_variables\\environment_variables\\outputs\\lr_comparison_20260717_111619\\训练结果\\Fixed_LR_CTDE_PPO_seed42\\models\\ppo_ep2400_stage3.pth",
      "eval_path": "D:\\DestopMoren\\Desktop\\Pyproject\\Self-adaptive parameters\\environment_variables\\environment_variables\\outputs\\lr_comparison_20260717_111619\\训练结果\\Fixed_LR_CTDE_PPO_seed42\\logs\\full_horizon_candidate_ep2400_validation_eval.json",
      "summary": {
        "evaluation_mode": "full_horizon",
        "episodes": 120,
        "target": 0.6,
        "target_reach_rate": 0.675,
        "mean_first_target_step": 170.82716049382717,
        "mean_current_coverage_auc": 0.418503590507524,
        "mean_tail100_coverage": 0.4874653259499097,
        "mean_final_current_coverage": 0.4204168587178602,
        "mean_max_current_coverage": 0.7162426753515673,
        "mean_historical_boundary_union_coverage": 0.4392518189924242,
        "mean_target_hold_ratio": 0.3244862785183121,
        "mean_post_target_peak_gain": 0.17509669568602432,
        "mean_post_target_tail_gain": -0.03331202031206255,
        "mean_pre_boundary_revisit_ratio": 0.06187556416282234,
        "mean_team_overlap_ratio": 0.13505944536664688,
        "mean_communication_available_rate": 0.0,
        "mean_invalid_action_count": 25.0,
        "boundary_found_rate": 0.9416666666666667,
        "horizon_completion_rate": 1.0,
        "battery_depleted_rate": 0.0,
        "mean_length": 600.0,
        "threshold_reach_rate": {
          "0.20": 0.9416666666666667,
          "0.40": 0.9333333333333333,
          "0.60": 0.675,
          "0.80": 0.425
        },
        "mean_time_to_threshold": {
          "0.20": 142.01769911504425,
          "0.40": 163.08928571428572,
          "0.60": 170.82716049382717,
          "0.80": 185.64705882352942
        },
        "mean_hold_ratio_by_threshold": {
          "0.20": 0.6749444444444445,
          "0.40": 0.526984259951638,
          "0.60": 0.3244862785183121,
          "0.80": 0.209196652013306
        }
      }
    },
    {
      "name": "ep2500",
      "model_path": "D:\\DestopMoren\\Desktop\\Pyproject\\Self-adaptive parameters\\environment_variables\\environment_variables\\outputs\\lr_comparison_20260717_111619\\训练结果\\Fixed_LR_CTDE_PPO_seed42\\models\\ppo_ep2500_stage3.pth",
      "eval_path": "D:\\DestopMoren\\Desktop\\Pyproject\\Self-adaptive parameters\\environment_variables\\environment_variables\\outputs\\lr_comparison_20260717_111619\\训练结果\\Fixed_LR_CTDE_PPO_seed42\\logs\\full_horizon_candidate_ep2500_validation_eval.json",
      "summary": {
        "evaluation_mode": "full_horizon",
        "episodes": 120,
        "target": 0.6,
        "target_reach_rate": 0.6333333333333333,
        "mean_first_target_step": 192.1578947368421,
        "mean_current_coverage_auc": 0.38907450313191333,
        "mean_tail100_coverage": 0.4510405968371775,
        "mean_final_current_coverage": 0.40289659713737436,
        "mean_max_current_coverage": 0.7244102436602664,
        "mean_historical_boundary_union_coverage": 0.3991707999346982,
        "mean_target_hold_ratio": 0.36864147456500124,
        "mean_post_target_peak_gain": 0.1829753808799233,
        "mean_post_target_tail_gain": -0.01608841265548471,
        "mean_pre_boundary_revisit_ratio": 0.060150397478339904,