{
  "settings": {
    "score_threshold": 0.55,
    "window": 50,
    "tail_fraction": 0.2,
    "target_kl": 0.0065
  },
  "convergence_efficiency": {
    "auc_task_score_by_steps": 0.49522086954228395,
    "steps_to_threshold": 6302.0,
    "updates_to_threshold": 1.0
  },
  "reward_stability": {
    "reward_std_tail": 89.77414511058403,
    "task_score_std_tail": 0.2782959241903375,
    "mean_performance_drop": 0.002598166961888358,
    "max_performance_drop": 0.01999333333333342
  },
  "kl_stability": {
    "mean_kl": 0.005765930889573276,
    "kl_std": 0.001182071316159997,
    "mean_abs_kl_error": 0.0011658420637155047,
    "kl_overshoot_rate": 0.0,
    "clip_fraction_mean": 0.07429321137555919,
    "clip_fraction_std": 0.01928526028846217,
    "actor_lr_mean": 0.00020000000000000004,
    "actor_lr_min": 0.0002,
    "actor_lr_max": 0.0002,
    "num_ppo_updates_measured": 130
  }
}