{
  "settings": {
    "score_threshold": 0.55,
    "window": 50,
    "tail_fraction": 0.2,
    "target_kl": 0.01
  },
  "convergence_efficiency": {
    "auc_task_score_by_steps": 0.2300073464396121,
    "steps_to_threshold": null,
    "updates_to_threshold": null
  },
  "reward_stability": {
    "reward_std_tail": 70.24442434339184,
    "task_score_std_tail": 0.31764895953558464,
    "mean_performance_drop": 0.0032959217991350705,
    "max_performance_drop": 0.019986666666666708
  },
  "kl_stability": {
    "mean_kl": 0.005843330161733013,
    "kl_std": 0.0017156021630852938,
    "mean_abs_kl_error": 0.004240691352496631,
    "kl_overshoot_rate": 0.0,
    "clip_fraction_mean": 0.0703412020891383,
    "clip_fraction_std": 0.020718016212435575,
    "actor_lr_mean": 0.00020000000000000004,
    "actor_lr_min": 0.0002,
    "actor_lr_max": 0.0002,
    "num_ppo_updates_measured": 211
  }
}