{
  "settings": {
    "score_threshold": 0.55,
    "window": 50,
    "tail_fraction": 0.2,
    "target_kl": 0.0065
  },
  "convergence_efficiency": {
    "auc_task_score_by_steps": 0.3054020600024592,
    "steps_to_threshold": 73469.0,
    "updates_to_threshold": 16.0
  },
  "reward_stability": {
    "reward_std_tail": 71.65782694781848,
    "task_score_std_tail": 0.36134714657750955,
    "mean_performance_drop": 0.00409094185531487,
    "max_performance_drop": 0.019919999999999938
  },
  "kl_stability": {
    "mean_kl": 0.005654911713157889,
    "kl_std": 0.0008394271056127619,
    "mean_abs_kl_error": 0.00102764401940598,
    "kl_overshoot_rate": 0.0,
    "clip_fraction_mean": 0.06150496912649482,
    "clip_fraction_std": 0.018844176827960298,
    "actor_lr_mean": 0.0002076064516129033,
    "actor_lr_min": 0.0002,
    "actor_lr_max": 0.00021218000000000002,
    "num_ppo_updates_measured": 31
  }
}