{
  "settings": {
    "score_threshold": 0.55,
    "window": 50,
    "tail_fraction": 0.2,
    "target_kl": 0.01
  },
  "convergence_efficiency": {
    "auc_task_score_by_steps": 0.48327217194215305,
    "steps_to_threshold": 6302.0,
    "updates_to_threshold": 1.0
  },
  "reward_stability": {
    "reward_std_tail": 78.26699983424388,
    "task_score_std_tail": 0.27772994900666115,
    "mean_performance_drop": 0.0027184978552424344,
    "max_performance_drop": 0.01999333333333342
  },
  "kl_stability": {
    "mean_kl": 0.007016558232139033,
    "kl_std": 0.0017198184625422095,
    "mean_abs_kl_error": 0.0031162904057734525,
    "kl_overshoot_rate": 0.0,
    "clip_fraction_mean": 0.08515175904788329,
    "clip_fraction_std": 0.027415416792035928,
    "actor_lr_mean": 0.0003864156892483821,
    "actor_lr_min": 0.00020951856111595674,
    "actor_lr_max": 0.0004,
    "num_ppo_updates_measured": 135
  }
}