{
  "settings": {
    "score_threshold": 0.55,
    "window": 50,
    "tail_fraction": 0.2,
    "target_kl": 0.0065
  },
  "convergence_efficiency": {
    "auc_task_score_by_steps": 0.434647723301734,
    "steps_to_threshold": 40300.0,
    "updates_to_threshold": 9.0
  },
  "reward_stability": {
    "reward_std_tail": 0.028667353954938635,
    "task_score_std_tail": 3.3306690738754696e-16,
    "mean_performance_drop": 0.001243621934541637,
    "max_performance_drop": 0.019833299280762495
  },
  "kl_stability": {
    "mean_kl": 0.005745816413704816,
    "kl_std": 0.0013108109967905166,
    "mean_abs_kl_error": 0.0012579514141548205,
    "kl_overshoot_rate": 0.0,
    "clip_fraction_mean": 0.06597028634517782,
    "clip_fraction_std": 0.01939327120396712,
    "actor_lr_mean": 0.00020000000000000004,
    "actor_lr_min": 0.0002,
    "actor_lr_max": 0.0002,
    "num_ppo_updates_measured": 51
  }
}