{
  "settings": {
    "score_threshold": 0.55,
    "window": 50,
    "tail_fraction": 0.2,
    "target_kl": 0.0065
  },
  "convergence_efficiency": {
    "auc_task_score_by_steps": 0.4778078568211944,
    "steps_to_threshold": 6302.0,
    "updates_to_threshold": 1.0
  },
  "reward_stability": {
    "reward_std_tail": 79.42515783752711,
    "task_score_std_tail": 0.25625048945303613,
    "mean_performance_drop": 0.00271019165535581,
    "max_performance_drop": 0.01999333333333353
  },
  "kl_stability": {
    "mean_kl": 0.005442871430745123,
    "kl_std": 0.0009367811334705281,
    "mean_abs_kl_error": 0.0011872364636892842,
    "kl_overshoot_rate": 0.0,
    "clip_fraction_mean": 0.06842832669845422,
    "clip_fraction_std": 0.015742193362811414,
    "actor_lr_mean": 0.00017302636840033363,
    "actor_lr_min": 0.00014450000000000002,
    "actor_lr_max": 0.0002000217943196825,
    "num_ppo_updates_measured": 133
  }
}