{
  "settings": {
    "score_threshold": 0.55,
    "window": 50,
    "tail_fraction": 0.2,
    "target_kl": 0.0065
  },
  "convergence_efficiency": {
    "auc_task_score_by_steps": 0.458508695002083,
    "steps_to_threshold": 6302.0,
    "updates_to_threshold": 1.0
  },
  "reward_stability": {
    "reward_std_tail": 79.28521743972729,
    "task_score_std_tail": 0.28460481914519575,
    "mean_performance_drop": 0.0028228447547040867,
    "max_performance_drop": 0.01999333333333353
  },
  "kl_stability": {
    "mean_kl": 0.005400048209768492,
    "kl_std": 0.001092025254793698,
    "mean_abs_kl_error": 0.001309432734750543,
    "kl_overshoot_rate": 0.0,
    "clip_fraction_mean": 0.06876222914892967,
    "clip_fraction_std": 0.016965764921142035,
    "actor_lr_mean": 0.0002108432003023769,
    "actor_lr_min": 0.00018,
    "actor_lr_max": 0.00025,
    "num_ppo_updates_measured": 140
  }
}