{
  "settings": {
    "score_threshold": 0.55,
    "window": 50,
    "tail_fraction": 0.2,
    "target_kl": 0.0065
  },
  "convergence_efficiency": {
    "auc_task_score_by_steps": 0.2966471084876634,
    "steps_to_threshold": 46558.0,
    "updates_to_threshold": 11.0
  },
  "reward_stability": {
    "reward_std_tail": 25.955348832112776,
    "task_score_std_tail": 0.41243931458090827,
    "mean_performance_drop": 0.003934030769776924,
    "max_performance_drop": 0.01971999999999996
  },
  "kl_stability": {
    "mean_kl": 0.005824834243477587,
    "kl_std": 0.0013552719228354336,
    "mean_abs_kl_error": 0.0012665695895880667,
    "kl_overshoot_rate": 0.0,
    "clip_fraction_mean": 0.053691759135478016,
    "clip_fraction_std": 0.019668879435242526,
    "actor_lr_mean": 0.00018571428571428574,
    "actor_lr_min": 0.00018,
    "actor_lr_max": 0.0002,
    "num_ppo_updates_measured": 14
  }
}