{
  "settings": {
    "score_threshold": 0.55,
    "window": 50,
    "tail_fraction": 0.2,
    "target_kl": 0.01
  },
  "convergence_efficiency": {
    "auc_task_score_by_steps": 0.215753290946244,
    "steps_to_threshold": 4842.0,
    "updates_to_threshold": 1.0
  },
  "reward_stability": {
    "reward_std_tail": 78.93737595312665,
    "task_score_std_tail": 0.334412148084434,
    "mean_performance_drop": 0.0031487282227529185,
    "max_performance_drop": 0.01999333333333342
  },
  "kl_stability": {
    "mean_kl": 0.006909107560947898,
    "kl_std": 0.0017807257310645177,
    "mean_abs_kl_error": 0.00320860653605299,
    "kl_overshoot_rate": 0.0,
    "clip_fraction_mean": 0.08034681399954693,
    "clip_fraction_std": 0.02335629999747175,
    "actor_lr_mean": 0.0003872388341344876,
    "actor_lr_min": 0.00020470126316760037,
    "actor_lr_max": 0.0004,
    "num_ppo_updates_measured": 199
  }
}